ImageNumber,ObjectNumber,AreaShape_Area,AreaShape_BoundingBoxArea,AreaShape_BoundingBoxMaximum_X,AreaShape_BoundingBoxMaximum_Y,AreaShape_BoundingBoxMinimum_X,AreaShape_BoundingBoxMinimum_Y,AreaShape_Center_X,AreaShape_Center_Y,AreaShape_Compactness,AreaShape_Eccentricity,AreaShape_EquivalentDiameter,AreaShape_EulerNumber,AreaShape_Extent,AreaShape_FormFactor,AreaShape_MajorAxisLength,AreaShape_MaxFeretDiameter,AreaShape_MaximumRadius,AreaShape_MeanRadius,AreaShape_MedianRadius,AreaShape_MinFeretDiameter,AreaShape_MinorAxisLength,AreaShape_Orientation,AreaShape_Perimeter,AreaShape_Solidity,Correlation_Correlation_DAPI_SMNDC1,Correlation_Correlation_DAPI_SRRM2,Correlation_Correlation_SMNDC1_SRRM2,Correlation_Costes_DAPI_SMNDC1,Correlation_Costes_DAPI_SRRM2,Correlation_Costes_SMNDC1_DAPI,Correlation_Costes_SMNDC1_SRRM2,Correlation_Costes_SRRM2_DAPI,Correlation_Costes_SRRM2_SMNDC1,Correlation_K_DAPI_SMNDC1,Correlation_K_DAPI_SRRM2,Correlation_K_SMNDC1_DAPI,Correlation_K_SMNDC1_SRRM2,Correlation_K_SRRM2_DAPI,Correlation_K_SRRM2_SMNDC1,Correlation_Manders_DAPI_SMNDC1,Correlation_Manders_DAPI_SRRM2,Correlation_Manders_SMNDC1_DAPI,Correlation_Manders_SMNDC1_SRRM2,Correlation_Manders_SRRM2_DAPI,Correlation_Manders_SRRM2_SMNDC1,Correlation_Overlap_DAPI_SMNDC1,Correlation_Overlap_DAPI_SRRM2,Correlation_Overlap_SMNDC1_SRRM2,Correlation_RWC_DAPI_SMNDC1,Correlation_RWC_DAPI_SRRM2,Correlation_RWC_SMNDC1_DAPI,Correlation_RWC_SMNDC1_SRRM2,Correlation_RWC_SRRM2_DAPI,Correlation_RWC_SRRM2_SMNDC1,Location_Center_X,Location_Center_Y,Location_Center_Z,Number_Object_Number
1,1,5230,6760,655,65,551,0,605.1820267686425,27.108413001912044,1.31666393337076,0.7748316271336889,81.60295839591173,1,0.7736686390532544,0.7594952475381656,105.10480792521196,105.55093557141026,32.0,11.986352621507367,11.0,64.0,66.4438604179412,1.4014021548765407,294.16652224137044,0.982344102178813,0.2769074423635485,0.18858085374745873,0.7807466497191393,1.0,1.0,1.0,1.0,1.0,1.0,1.1324442030949795,0.7967711544077287,0.8087065495611739,0.7176637915629702,1.0217558353445226,1.2887254692902215,1.0,1.0,1.0,1.0,1.0,1.0,0.9569822590077071,0.9022779928881611,0.9617024522036889,0.7735080817251492,0.7977677522686034,0.7328379070010986,0.7963630162736974,0.7797544054417449,0.8285043884804714,605.1820267686425,27.108413001912044,0,1
1,2,12886,17544,342,195,213,59,280.1589321744529,130.20006208288063,1.2039942318366494,0.6394617175894957,128.089674733982,1,0.7344961240310077,0.8305687631696842,146.66929692617975,149.01342221424215,55.71355310873648,20.26522530966315,18.027756377319946,112.57918341709583,112.76271994339317,-0.6211978623317248,441.5462479183374,0.9811177097609258,0.4660131048537067,0.3349314869410144,0.8369625510891311,0.999362772655412,0.9999534056204012,1.0,0.9998599233719402,1.0,0.9997875487185297,0.6541882883263711,0.5267301329500864,1.390932091096049,0.8388138937718917,1.4422134362993195,1.080199138008741,1.0,1.0,1.0,1.0,1.0,1.0,0.9539032885216112,0.8715832002995133,0.9518855209541498,0.7242463483410301,0.6293881859818241,0.7768070524852964,0.8455446682761232,0.7500176043944644,0.8624135782151736,280.1589321744529,130.20006208288063,0,2
1,3,3393,5340,244,383,155,323,193.57942823460064,356.37665782493366,1.921666901310703,0.8445555078501111,65.72748112689553,1,0.6353932584269663,0.520381549642102,96.32484186220361,91.21403400793103,23.769728648009426,8.062578916173349,7.0710678118654755,55.39977236876374,51.57887178367461,1.2136044119026628,286.2436867076458,0.8514429109159347,-0.019519234168588105,0.009297625582548761,0.2379667054752266,0.685875185177483,0.9992296875372833,1.0,0.9439930753708254,1.0,0.6782977856020148,0.15006082416675548,0.10223435006875244,5.912192419206589,0.6448462458187663,7.896517457713698,1.2641939347222755,1.0,1.0,1.0,1.0,1.0,1.0,0.9419068250408765,0.8984961491825757,0.9028901997433098,0.2923295445867816,0.31025572422306824,0.33573532401438444,0.9569684626871569,0.3571227162249382,0.9582144181249834,193.57942823460064,356.37665782493366,0,3
1,4,15174,20562,522,649,373,511,448.1608013707658,578.9617767233426,1.1716174223189075,0.6221509833850738,138.99689511572322,1,0.7379632331485264,0.853520936911952,157.22864646310532,159.20113064925135,60.81118318204309,22.33947320820424,19.849433241279208,122.31139326766302,123.09387993938364,0.9482391440520516,472.65894629054543,0.9850048685491724,0.2923928765876696,0.19314073512606172,0.831176645204279,0.9991290391922628,0.9997905167985618,1.0,0.9996247823796927,1.0,0.9997077196215209,0.6499100357738429,0.5393861094532391,1.367429083593554,0.8705876085647556,1.3405669704620884,1.0283706395160899,1.0,1.0,1.0,1.0,1.0,1.0,0.9427119839253556,0.8503429911859456,0.9461959288511662,0.7259704603580706,0.6395705856671495,0.7724242688168892,0.8462930242560065,0.7342833643447395,0.8540032438342066,448.1608013707658,578.9617767233426,0,4
1,5,10994,13081,803,1024,700,897,752.0875022739676,962.6569037656903,1.4210036365832985,0.6532808282486573,118.31312503191849,1,0.8404556226588181,0.7037279668083246,137.84485071582486,142.88806808127822,48.662100242385755,17.86506800545941,15.811388300841896,101.86950258529875,104.36449847964595,0.10951631356068975,443.07821048680194,0.9325642548138094,0.19711585211998925,0.06105138887808694,0.7825447522009183,0.9990573075087749,0.9996884276399876,1.0,0.9995481987297756,1.0,0.999644477466394,0.8351729168123098,0.5053807053782533,1.0325209113427936,0.6431926033616616,1.2975334133416507,1.3357293873850131,1.0,1.0,1.0,1.0,1.0,1.0,0.928619136780987,0.8097829040467921,0.9268933390950891,0.7953802975746316,0.6765709201362662,0.791743951189735,0.7741600030878556,0.7316982166669452,0.8139865389008117,752.0875022739676,962.6569037656903,0,5
1,6,6544,8214,927,1024,816,950,867.7501528117359,990.453086797066,1.2339728513947263,0.7524514302148199,91.2802255734883,1,0.7966885804723642,0.8103906004655831,113.77754701003728,114.94781424629178,37.0,13.909701438754075,12.529964086141668,73.0,74.93932418022426,1.3388876154296552,318.5512985522207,0.9867310012062727,0.2147747114879261,0.14570496954596307,0.8155225925868607,0.9969718286221314,1.0,1.0,0.999558042471693,1.0,0.999093935833285,1.0405714359307514,0.7450224665998257,0.8480457398640137,0.7404337672307079,1.0087559332038396,1.2301429231256285,1.0,1.0,1.0,1.0,1.0,1.0,0.9393892554555078,0.8669174317965544,0.9543790435681748,0.7761586227371035,0.7486435830140861,0.7401014472835911,0.8041927337792358,0.7465239669949498,0.8386512779071166,867.7501528117359,990.453086797066,0,6
2,1,8098,10494,491,106,392,0,443.9890096320079,47.43467522845147,1.3521052768183923,0.6017272962889884,101.5415867182769,1,0.7716790546979226,0.7395873806166018,114.93611654143747,131.40015220691336,44.01136216933077,15.484737467415075,13.601470508735444,95.03145457421225,91.79966126289678,0.6219207782353796,370.9360748630709,0.96232917409388,0.15520414866652937,0.12434347701409323,0.8335074772149893,0.9993637582136495,1.0,1.0,0.999928076403497,1.0,0.9998167464803812,1.2343717389994193,1.1938847424480599,0.6849706821980477,0.9823173752768124,0.647384077951769,0.9598987461971279,1.0,1.0,1.0,1.0,1.0,1.0,0.9195153354612541,0.8791484363692075,0.9710433650954348,0.7593068721130539,0.7070747425426523,0.6981756605477527,0.8618343982434045,0.6220570892257948,0.8601563146771556,443.9890096320079,47.43467522845147,0,1
2,2,7620,10057,318,128,229,15,274.36036745406824,71.1249343832021,1.2117487504968651,0.599918155435724,98.49916411260524,1,0.7576812170627424,0.8252535846147646,110.36612771648967,114.00438588054409,43.104524124504614,15.708486150161674,14.0,88.0,88.29967610200849,0.21688322060176526,340.63455967290594,0.9785540002568384,0.329944724858981,0.2988951849758506,0.8764442965055096,0.9978375625575046,0.9999064999434657,1.0,0.9997321288245152,1.0,0.9995523321829871,1.1885318695193323,1.0811019442647174,0.7281540438828285,0.9283836632519384,0.7236752787321367,1.014360067627161,1.0,1.0,1.0,1.0,1.0,1.0,0.930287206766878,0.8845149805704956,0.9704201746873299,0.7662723866245874,0.731261895520854,0.7231087888616786,0.8705216571214078,0.6761825013566929,0.87694825786752,274.36036745406824,71.1249343832021,0,2
2,3,11830,15568,582,205,470,66,525.6080304311074,136.19568892645816,1.2752356477552023,0.6670681485931087,122.72906670474185,1,0.7598920863309353,0.7841687940266573,143.3976307561791,144.10065926289164,47.80167361086848,18.513370637395372,16.97056274847714,109.73669094469687,106.83076190536264,-0.16920658153634743,435.4041122946064,0.9534171502256609,-0.2490215075108926,0.45295037709369423,0.04126677531092,0.8537549263624659,0.9996393806256387,1.0,0.9944479962781865,1.0,0.8672026174871188,0.5140600361706282,0.7639971801921481,1.2272689386768092,1.0028545595897287,0.9453898677833242,0.5197939746971291,1.0,1.0,1.0,1.0,1.0,1.0,0.7942857892517585,0.8498677503992533,0.7219956769761742,0.6690636187743435,0.745057268959851,0.7850768522897085,0.7742785168433356,0.7441389859317067,0.5884966810066343,525.6080304311074,136.19568892645816,0,3
2,4,7324,10043,386,195,265,112,323.3021572910978,153.53481703986893,1.2954282355258881,0.7753135193844192,96.56710840467541,1,0.7292641640943941,0.7719455023257563,121.78429172818603,122.0,37.57658845611187,14.560168786303086,13.038404810405298,80.63808033429368,76.91610359963155,-1.303944870137731,345.2914139223983,0.9681427627230668,0.4807993711055063,0.46196354231623726,0.8622094665619283,0.9992643003675201,0.9999414907516722,1.0,0.9998876221417604,1.0,0.9997978158636053,1.2949803391062413,1.1711501271490459,0.698369796666586,0.912923307373774,0.7118300934490989,1.0289062271993668,1.0,1.0,1.0,1.0,1.0,1.0,0.9509864121578459,0.9130497820225518,0.969181343151176,0.7692792299993788,0.7473734162852667,0.7229551953505452,0.8687832866378826,0.6866638022801862,0.8781208465889652,323.3021572910978,153.53481703986893,0,4
2,5,14147,18560,497,313,369,168,433.55743267123773,242.50717466600693,1.188615312796847,0.5657932716821359,134.21072922597637,1,0.7622306034482759,0.8413150909582094,148.13291489388723,150.86749152816188,60.00833275470999,21.571725623941465,19.1049731745428,120.48277885241525,122.14257020509305,-0.4338212976843907,459.68228688765845,0.9809319095825821,0.4270840293047239,0.30884005472599796,0.7221738145773691,0.9957171861341928,0.9954462937573463,1.0,0.9930935466315792,1.0,0.9986551033931067,0.6626669439553154,0.5195992495645498,1.3450873429082222,0.8236090046156209,1.208024538535823,0.9433506394792945,1.0,1.0,1.0,1.0,1.0,1.0,0.9441106497005355,0.7922680377743225,0.881448853414111,0.8202225768032576,0.7417803406132599,0.8477381754385586,0.8593074415270213,0.7777712643326522,0.8412558819074502,433.55743267123773,242.50717466600693,0,5
2,6,12892,18704,645,340,533,173,589.5189264660254,258.2852932050884,1.3157328991297417,0.8289433811482307,128.1194919234607,1,0.6892643284858854,0.7600326788677434,171.74834380945288,169.24833824885843,47.16990566028302,18.644256637366958,17.0,96.19018517571287,96.06443439722631,0.3187711433484375,461.68838354206827,0.9750415973377704,0.25231813785500584,0.17894467092005825,0.812759925206357,0.9985261467121129,0.9991448814271344,1.0,0.998462860854871,1.0,0.9994931732471745,0.9447488871618622,0.663124376338075,0.9054889949220069,0.7283784615766904,1.071676552800473,1.228171580721616,1.0,1.0,1.0,1.0,1.0,1.0,0.9249106553012993,0.8430034672004332,0.9458190770534408,0.8236742261135467,0.7704149385757385,0.812222202834755,0.8395523697687379,0.7874006722567367,0.8577139039385923,589.5189264660254,258.2852932050884,0,6
2,7,13859,18415,408,420,263,293,335.557327368497,359.64752146619526,1.1646787850907185,0.439248706572546,132.83759577199754,1,0.752592994841162,0.8586058343306293,140.71361554939585,145.5609837834301,61.0,21.489197055861613,19.0,126.0,126.4122577608914,1.445415213753707,450.3746750430835,0.9829775161358961,0.2283389158873744,0.18377703915560445,0.8528988924743022,0.9961026595112167,0.9995769216376148,1.0,0.9992450801941741,1.0,0.9990931601640877,1.0454218520404834,0.9592918991388928,0.8081434041570538,0.9432839602389768,0.7716622577514768,0.9815718002891929,1.0,1.0,1.0,1.0,1.0,1.0,0.9191576438719138,0.8603774478286956,0.9622374629142704,0.783260125228404,0.720856352277237,0.7503802480913967,0.8599746255812009,0.6772106375629391,0.8602169068967197,335.557327368497,359.64752146619526,0,7
2,8,11148,14080,523,416,395,306,462.03318980983136,357.4897739504844,1.272717590969037,0.6487517311780182,119.13888720609906,1,0.7917613636363636,0.7857202627635625,137.81855651211717,148.2194319244275,50.99019513592785,18.407356053249316,16.278820596099706,107.85909493589769,104.87993882753143,1.1126512150072914,422.2497833620557,0.9676243381650899,0.3054011812642805,0.21343900459759976,0.8146522342906368,0.9984632298791899,0.9997378308828447,1.0,0.9995270802827537,1.0,0.9996122783059189,0.9347577081392924,0.6868853960924722,0.9307222345996019,0.7606142951099213,1.0642017470614433,1.1835405275775996,1.0,1.0,1.0,1.0,1.0,1.0,0.9327377889463923,0.8549763964885817,0.9487981050347121,0.8143614460454055,0.7457592944080019,0.8058449345833106,0.8347444699886946,0.760885124876304,0.8563275069598593,462.03318980983136,357.4897739504844,0,8
2,9,11752,18997,636,470,515,313,573.6007488087134,399.00204220558203,1.501280588999578,0.826071266204124,122.32379625292714,1,0.618623993262094,0.6660980014844388,167.07844372605393,182.3211452355431,48.25971404805462,17.119955607708675,15.016648189186455,98.76865800021505,94.15967489564531,0.6587538606111253,470.8599564173221,0.9321805346236218,0.3015076878841617,0.26351585127279553,0.8134486299915854,0.9976240565209632,1.0,1.0,0.9998202163079729,1.0,0.999311472966216,1.087613601322644,0.9710249764265468,0.7702405812007991,0.9008711255942545,0.7803810112883727,1.022320791932101,1.0,1.0,1.0,1.0,1.0,1.0,0.91527270930835,0.8704995422687004,0.9596766552054297,0.7922798938108429,0.7639996426865536,0.7470459420456558,0.8593360451523122,0.7099147964235694,0.865041576143407,573.6007488087134,399.00204220558203,0,9
3,1,16308,23184,240,149,79,5,161.90305371596762,74.57530046602895,1.210387344992577,0.7547882360654298,144.09715644502162,1,0.703416149068323,0.8261818038143258,178.72255453998594,173.9482681718907,54.817880294662984,21.98441387175806,20.0,115.39285817135791,117.23637224406161,0.9600395778793529,498.04372260139564,0.9713502888796236,0.09992934032990607,0.057980822115451906,0.5302991451450061,0.9979385109439657,0.9991767045227415,1.0,0.9977277210852528,1.0,0.9990502857032981,0.6485361190432934,0.49491435393151695,1.3695880880201239,0.7826966692605499,1.280474045808366,0.9589112509883642,1.0,1.0,1.0,1.0,1.0,1.0,0.9424581387480802,0.7960684550384616,0.8663351789377249,0.7001434068528039,0.6286580756868877,0.74714447481312,0.8325167539606548,0.6979960524328129,0.8114292006964164,161.90305371596762,74.57530046602895,0,1
3,2,5053,7130,62,137,0,22,24.408074411240847,78.9206412032456,1.4304375568390073,0.8080799059961647,80.21022016892097,1,0.7086956521739131,0.6990867900656973,109.31988896867844,114.5294721894762,31.0,11.189439998444135,10.0,61.0,64.39738253882487,0.04278574387010834,301.3797256769669,0.9871068568079703,0.11970912497314269,0.12731824172003625,0.7015150232203569,0.9977162432262613,0.9984318203584861,1.0,0.9959916159451871,1.0,0.9984999313604793,1.1690403912447447,0.5350542157011758,0.7387395545631136,0.4644219742271303,1.3705673169072998,1.8825802782179815,1.0,1.0,1.0,1.0,1.0,1.0,0.9293096243418717,0.8563456199534744,0.9350463354567277,0.8388183506624272,0.8001635636094956,0.8168488125947053,0.7623373310083078,0.8453006723196912,0.7874867420413055,24.408074411240847,78.9206412032456,0,2
3,3,32158,43740,523,342,361,72,438.0938180235089,209.82237701349587,1.4548809999647023,0.8349495256890185,202.34830683648767,1,0.7352080475537266,0.6873414389384848,279.5867764278001,271.8124353299532,69.28924880528002,27.429085770650513,25.317977802344327,159.48163245778468,153.86402048757563,0.11855865850402718,766.7665940288701,0.9281879582058535,0.32842885142076894,0.1951948857898176,0.7888406583856302,0.9960038659847031,0.9995778007282079,1.0,0.9992377284491933,1.0,0.9986527928899768,1.29056170367395,0.9113257700201743,0.6924427036794443,0.7293277895300033,0.8277497528419987,1.2346478387635196,1.0,1.0,1.0,1.0,1.0,1.0,0.9453253595229211,0.8685330626365029,0.9489272780847822,0.7816729244026114,0.750851853056207,0.7351450674080332,0.8032685563164341,0.7210095405203101,0.8402971075352568,438.0938180235089,209.82237701349587,0,3
3,4,4369,6640,158,177,78,94,111.64454108491645,138.02838178072787,1.219322733658909,0.5479592425939512,74.58407049060762,1,0.6579819277108434,0.8201274136825355,82.74337395449598,86.03487664894976,33.54101966249684,11.791342849247904,10.63014581273465,67.8,69.21524867237792,0.7341795183537922,258.73506473629425,0.9798161022650819,0.01814450698432116,0.08964548427122279,0.2980073689136608,1.0,1.0,1.0,0.9998007579182718,1.0,1.0,0.7245541902550034,0.3849865910695897,1.1772800338452998,0.5247263923701713,1.2250375249430068,1.0276087438890886,1.0,1.0,1.0,1.0,1.0,1.0,0.9235817135620238,0.6867481493678274,0.7343115339887865,0.7479563672814676,0.5823419885106296,0.789616740677137,0.7447792625162876,0.649042460444156,0.7066780469046209,111.64454108491645,138.02838178072787,0,4
3,5,13157,17526,355,356,228,218,289.98555901801325,289.5128828760356,1.1393989617828137,0.49116760592903946,129.4295665220298,1,0.7507132260641333,0.877655705807651,139.4361671548722,139.26952286842948,57.688820407423826,20.932773658818586,18.681541692269406,118.71208868518825,121.45797684124514,-0.17645140471433127,434.0315292925759,0.9890993835513456,0.4099016358973847,0.3463621372372043,0.8455062383385471,0.9864575705586416,0.9990372534399811,0.999956084048405,0.997872187676875,0.9999931735417121,0.9960913967718241,1.7222173101486669,1.401682719168514,0.5124134329336147,0.832409024761544,0.5530653560264609,1.103903117655573,1.0,1.0,1.0,1.0,1.0,1.0,0.93940794341488,0.8804670079639964,0.9585921539418646,0.6801586201131443,0.700097285157451,0.6200091738744056,0.8427883948015428,0.6032661863122232,0.8610888395016711,289.98555901801325,289.5128828760356,0,5
3,6,10815,15255,605,391,492,256,546.7161349976884,319.73499768839577,1.1991019715348346,0.6604043186905234,117.3460083526951,1,0.7089478859390363,0.8339574312600064,135.8983208331258,138.0507153186828,49.64876634922564,18.616051276928907,16.64331697709324,100.81606520569387,102.04743594525915,-0.4314169989816428,403.6883835420683,0.9848829796921956,0.45894619895072586,0.40620210823292185,0.8114556352339933,0.991886023570048,0.9998184825241058,0.9999223099950936,0.9989851059472943,0.999987788190372,0.996806023592423,1.100696706369745,0.9529220168083962,0.81645076205944,0.8755281373447016,0.8422373455458079,1.0432416306402454,1.0,1.0,1.0,1.0,1.0,1.0,0.9479792533130111,0.8958719272021315,0.9557130331197244,0.820907052933118,0.7574407109577397,0.8033008333634601,0.8424362885478923,0.7352328119810043,0.8500831957788088,546.7161349976884,319.73499768839577,0,6
3,7,9963,12995,582,510,469,395,524.2786309344575,451.13048278630936,1.1212751488700032,0.4206885698170848,112.62897311170171,1,0.7666794921123509,0.8918417580268128,118.37005500179592,119.47384651043926,52.392747589718944,18.63064968780831,16.492422502470642,106.00861051516384,107.38591978732448,-0.6798859048226552,374.6761902332485,0.9885890057551101,0.5025943341938448,0.3831058244810292,0.8489961758749295,0.9892687542780377,0.9992923455256153,1.0,0.9988061361803953,1.0,0.9966038483572096,1.5389208198649795,1.1296885227213456,0.5884107277811725,0.7576121147765362,0.6837253889857605,1.1992385878991956,1.0,1.0,1.0,1.0,1.0,1.0,0.9515868429178449,0.8788610382935412,0.9531829219514671,0.6994526790542224,0.7266914723301131,0.649424777180655,0.8160794940266066,0.6651686951748503,0.8563126084031388,524.2786309344575,451.13048278630936,0,7
3,8,675,950,19,840,0,790,6.76,815.7140740740741,1.7125940155895216,0.9326654829548074,29.316150714175198,1,0.7105263157894737,0.5839095494303551,50.58283261064738,49.25444142409901,9.0,3.768695373066385,3.605551275463989,18.0,18.247373678987937,0.028842699827548297,120.5269119345812,0.9493670886075949,0.014229131133830791,-0.07802591295176506,0.741370099487335,0.9948778202579901,0.9974785145837398,1.0,0.9995285004681952,1.0,0.9991137994137816,1.462698683682773,0.8620032056541173,0.5936590495188515,0.625329312351234,0.7646520787153861,1.3667263183479323,1.0,1.0,1.0,1.0,1.0,1.0,0.9318499397905171,0.8118697820850013,0.9244750017306289,0.7566407306661118,0.7677333246815479,0.6951412281880169,0.760266470482622,0.7124289988834569,0.8077321289973349,6.76,815.7140740740741,0,8
3,9,9097,14145,186,922,63,807,125.51181708255469,865.2021545564472,1.249444674221114,0.7882782571904658,107.62276775132563,1,0.6431247790738777,0.8003555664626653,137.93312912664362,135.32553343696821,40.80441152620633,16.16319036223573,14.866068747318506,82.95327823271562,84.87286583199236,-0.8646892083773107,377.9310242291876,0.9803858174372239,0.4697617411866896,0.32486243919151864,0.8179402947693309,0.9870728348177139,0.9970763501539248,0.9998302112364182,0.9966648207512535,0.999962134283531,0.9965478976664192,1.4464315638290184,1.0157687328398153,0.6248301369094121,0.7290401636523,0.7337839516577374,1.2191601133577248,1.0,1.0,1.0,1.0,1.0,1.0,0.9506703067085774,0.8633393277000488,0.9427707507982374,0.7449554932829695,0.7501911475584095,0.6978007884806219,0.8004369095334019,0.6960753526352341,0.8403433358944101,125.51181708255469,865.2021545564472,0,9
3,10,12844,16896,690,938,558,810,621.7724229212083,872.8357209592027,1.1512436184447998,0.4945506883005798,127.8807597435143,1,0.7601799242424242,0.8686258789871835,137.49227206249645,138.00362314084367,58.180752831155424,20.88387203773327,18.439088914585774,117.28154111106666,119.5012417031276,-1.0519356503844741,431.06096654409873,0.9863308247581016,0.5494485421426353,0.4381368055281239,0.8249162186141525,0.9783313585916775,0.9964790546142368,0.9999701731251153,0.9961486049243866,1.0,0.9941987028456665,0.9870992477868329,0.7010389653881421,0.9290346089129797,0.7332804371760738,1.0872416371388542,1.208322729554216,1.0,1.0,1.0,1.0,1.0,1.0,0.9576269438700734,0.8730399489294475,0.9412966691629704,0.825473985098586,0.722404202512254,0.836311455780518,0.8134687073554249,0.7809595912001622,0.8443452344432574,621.7724229212083,872.8357209592027,0,10
3,11,9875,12543,815,927,702,816,759.0636962025317,870.7900759493671,1.1113454672263985,0.2417611109662525,112.13046198183496,1,0.7872917164952563,0.8998102115768871,113.90051880194669,114.75626344561765,54.08326913195984,18.669011687263904,16.401219466856727,109.9329285541316,110.52175105925981,-0.97264480571876,371.3624817342638,0.9868092335365244,0.5978064405929687,0.4228330024728149,0.8321816667799428,0.9870896935800344,0.997317720360367,1.0,0.9957181782322927,1.0,0.9955664504483662,1.0798153136338162,0.699276457354686,0.855238798508206,0.6768885361071437,1.0575519091946903,1.2925044081716208,1.0,1.0,1.0,1.0,1.0,1.0,0.9609890485551574,0.8599541572260394,0.9353509591374344,0.8216501663669706,0.7019023056407834,0.8171023274186826,0.772628503243694,0.7593342820149267,0.8235771722584211,759.0636962025317,870.7900759493671,0,11
3,12,15696,22484,146,1024,0,870,67.14685270132517,954.8506625891947,1.3672049663259738,0.8015153667868465,141.36749235295613,1,0.6980964241238213,0.7314192272774238,185.90898114227383,195.020511741714,55.00909015790027,20.1701930973303,18.110770276274835,120.01011799372473,111.16877006474637,0.7877156253415012,519.2975105768082,0.9468540749230862,0.19991325314079988,0.13316556597569992,0.8090659147891529,0.9873185171519419,0.9989258368947439,1.0,0.9991914972533851,0.9999948222683908,0.9972683406782932,1.607778252913706,1.437554507435345,0.5457178383809437,0.9157439717129113,0.5404199849626071,1.0142362964095044,1.0,1.0,1.0,1.0,1.0,1.0,0.9366927312496653,0.8814097714974218,0.9637327297178576,0.7143436884425529,0.6811282420059387,0.6567753131675851,0.845878977602149,0.5816191160381301,0.848531911739599,67.14685270132517,954.8506625891947,0,12
3,13,10179,12198,598,1024,484,917,541.893702721289,974.6377836722664,1.1796605266146456,0.4888873861570685,113.84333676530753,1,0.8344810624692572,0.8477015017784566,122.99675715184665,131.13733259449805,50.0,18.053204922040337,16.0,106.0,107.29584049648452,-1.0502601297650072,388.45079348883235,0.9849056603773585,0.5014025598472789,0.4216550810589909,0.850162681008964,0.9750850785378419,0.9975377380413029,1.0,0.9970353981180049,0.9999786997690989,0.9935066065923498,1.0101337154805128,0.9022454292512793,0.9020821943289397,0.9133623216498844,0.8933568773243565,1.0126891168104348,1.0,1.0,1.0,1.0,1.0,1.0,0.9545803468678296,0.8977901532407763,0.9617442918154232,0.8194053126454507,0.7383208204756192,0.8254740085679272,0.8454979717081982,0.7497450093468859,0.8493563347865974,541.893702721289,974.6377836722664,0,13
4,1,10981,14625,872,117,747,0,805.45715326473,60.32592660049176,1.2629442979175707,0.7364474234804497,118.24315388527499,1,0.7508376068376068,0.7918005581472348,144.81932229176653,150.6286825275983,47.01063709417264,17.891483040857448,16.1245154965971,98.05782994849433,97.96951611745158,0.7694528336543911,417.4629867976521,0.9712542013090395,0.12851328781041949,0.0541315663932487,0.7241972163388052,0.9704609546731129,1.0,0.9990921767538904,0.9942353086195773,1.0,0.9897966808546975,1.3499418385427746,0.6746968036255795,0.5901949033803608,0.5316169004978648,0.8370207856678739,1.508502283783698,1.0,1.0,1.0,1.0,1.0,1.0,0.8925966574931029,0.7514886883102672,0.8955139912357819,0.8128428081032107,0.8062922471172725,0.7598384354652908,0.7855936491511702,0.7783847490584793,0.8174881146489786,805.45715326473,60.32592660049176,0,1
4,2,1964,2475,1024,179,991,104,1009.5417515274949,140.800916496945,1.593703505873929,0.8957315276455504,50.00642424588925,1,0.7935353535353535,0.6274692854187055,76.9385087396865,74.10802925459562,15.811388300841896,6.51143063140677,6.0,32.0,34.20650366635753,0.017059762543346856,198.3259018078045,0.9771144278606965,0.11973890762176266,0.10592900166409436,0.8420243154458331,0.9779471551462003,1.0,1.0,0.9986235056373284,1.0,0.9957522937737674,1.7780743253591529,1.709492056116941,0.47491318182671355,0.990246323363938,0.4301252100714743,0.9328390890326076,1.0,1.0,1.0,1.0,1.0,1.0,0.9189292330646047,0.8574938074136838,0.9611141858305416,0.7169727077255655,0.6528060291465902,0.6427056988663445,0.8391727659245091,0.5210448956677836,0.8235319540165682,1009.5417515274949,140.800916496945,0,2
4,3,9953,13375,1024,290,917,165,969.9420275293882,222.87089319803076,1.1882157376624893,0.4584993258974611,112.57243529723017,1,0.7441495327102804,0.8415980097749288,120.02402768438482,124.25779653607253,50.99019513592785,18.054991418295106,16.0,106.0,106.66472391673098,0.43143938646238505,385.50461735799473,0.9732081744402072,0.0646016711354318,0.027665523903649267,0.7381945367911689,0.999518789751123,1.0,0.9999385722036832,0.9999181007568062,1.0,0.9999242003903785,2.4540290243065246,2.0205135587055447,0.3597006281766703,0.8416128124431945,0.38436993451724816,1.0922913078406253,1.0,1.0,1.0,1.0,1.0,1.0,0.939529553344033,0.8812631072789002,0.9587942217175716,0.5502548465136962,0.6264786851017645,0.48923228243318384,0.8343269122602182,0.5025814780590336,0.8544691583295634,969.9420275293882,222.87089319803076,0,3
4,4,8402,10816,104,330,0,226,45.057724351344916,281.7066174720305,1.238562784042479,0.6311638559622234,103.42996980984205,1,0.7768121301775148,0.8073874113479764,119.4614048156148,131.24404748406687,45.0,15.902559737264383,14.0,93.65950266270045,92.66018200072507,0.8745087998140939,361.62236636408613,0.9839559667408362,0.5180382153981701,0.3788083025625266,0.8303257857464695,0.9912570193202364,1.0,0.9990392307169463,0.998922828596624,1.0,0.9974114773037505,1.939889998788843,1.4554797569648623,0.47195953373965116,0.7697500317614424,0.5440252811889316,1.1825920867616277,1.0,1.0,1.0,1.0,1.0,1.0,0.9568435500825591,0.8898414375873979,0.9540965864867106,0.5966922961874105,0.689994469577271,0.5452152840072484,0.8144180868950769,0.5958050922061175,0.8555966087977186,45.057724351344916,281.7066174720305,0,4
4,5,13989,18626,963,382,829,243,894.8708985631567,310.08506683823003,1.1750250088397596,0.267912053959013,133.45916226059637,1,0.7510469236551057,0.8510457160289869,136.24696827402028,141.22322755127783,62.24146527838174,21.7704451375505,19.209372712298546,130.78965941031237,131.26623855939772,0.33435398118345055,454.48737341529164,0.983478627671541,0.32555463462798717,0.20779964314613097,0.7939987458511384,0.9982947925911921,1.0,0.9999203692907009,0.9997413873965536,1.0,0.9996153065022774,2.04759956250713,1.5974030928311462,0.4399349474809616,0.7975820865112424,0.4995092160793126,1.160809466410922,1.0,1.0,1.0,1.0,1.0,1.0,0.9491104287666501,0.8932623168267848,0.9622062337472279,0.583045722666393,0.6798563450151486,0.5259843608352189,0.8324052750832202,0.5775632511113267,0.8624915772039771,894.8708985631567,310.08506683823003,0,5
4,6,11411,14445,836,392,729,257,783.748400666024,327.1471387257909,1.1613929772908276,0.6176016414926639,120.53603795119923,1,0.7899619245413638,0.8610349981043387,136.52943935339775,134.6291201783626,52.23983154643591,19.262483600329062,17.08800749063506,106.0,107.3791856451915,-0.06686952977431211,408.0904037956216,0.9866839602248163,0.3759229725910959,0.2555814995776671,0.7665635713586582,0.9923356118288693,1.0,0.9992597417521346,0.9992970418007412,1.0,0.9970772068286061,1.9522766540672856,1.4786957860038492,0.4561863824593042,0.7752731203727359,0.5150694780323652,1.1556883904049386,1.0,1.0,1.0,1.0,1.0,1.0,0.9437171315488077,0.8727147682179216,0.9465591078256979,0.6500325500224938,0.7236557206732822,0.5905192432804607,0.8169189980537028,0.6158037044913912,0.8433638932987975,783.748400666024,327.1471387257909,0,6
4,7,18090,25905,596,596,439,431,511.51221669430623,516.5191265892759,1.242812190397257,0.6803755245545952,151.76594929120003,1,0.698320787492762,0.8046268034113476,180.39871182408382,182.62803727796015,65.29931086925804,23.062588346638783,20.615528128088304,131.28392633555495,132.20766038372653,0.7532093420832859,531.5290039756343,0.9781550773223748,0.3326186603663587,0.2675440216481362,0.8594476442124326,0.99392827710926,1.0,0.9996752200795467,0.9996947395457944,1.0,0.9989510185933611,2.511380165571129,2.155299077363222,0.35983139773720296,0.8751137696455904,0.38116489493759126,1.0801480204504124,1.0,1.0,1.0,1.0,1.0,1.0,0.9506173968673977,0.9063798025012693,0.9722409197064186,0.4942766226529292,0.5592431166595675,0.43848213697395844,0.8613330503848018,0.4488359727654909,0.8809987394565549,511.51221669430623,516.5191265892759,0,7
4,8,9450,12300,817,606,717,483,766.729417989418,546.2304761904762,1.1503613732439821,0.6302471243942015,109.69099187147178,1,0.7682926829268293,0.8692920531398164,124.72169788629844,125.57467897629681,46.8187996428785,17.580236018975135,15.652475842498529,94.8285932293779,96.83325172036501,-0.2897560796340037,369.60512242138304,0.9847853272196748,0.3368527994958715,0.2254135052460825,0.7482028466552119,0.9964728605114771,1.0,0.999805142297863,0.9996513791433541,1.0,0.9991525455835917,2.0220764697248477,1.3737078198004893,0.447482560011195,0.694054017986984,0.562922002202294,1.2851936985146657,1.0,1.0,1.0,1.0,1.0,1.0,0.9512328606660276,0.879369294644201,0.9444542605894983,0.5867731785815681,0.7381871647947642,0.5326105301101378,0.769372075790331,0.6433617103916104,0.8184965898370168,766.729417989418,546.2304761904762,0,8
4,9,11102,14570,1024,642,930,487,985.069266798775,564.3078724554134,1.432058094498627,0.8007268727066904,118.89283168320021,1,0.7619766643788607,0.6982956933392473,157.5724091373079,155.97756248896826,43.93176527297759,16.748144318625304,15.0,93.0,94.39053901174286,0.0034981970391430033,446.97770542341357,0.9718988006653243,0.11243152475982386,0.06985745222892015,0.8374668877956403,0.9506354285409016,1.0,0.9998378958153982,0.9974863177329278,1.0,0.9938996284307292,1.96705658450239,1.494799256367602,0.41730920618328576,0.7926345464634859,0.4595201331052378,1.1485596501582749,1.0,1.0,1.0,1.0,1.0,1.0,0.9060192171230684,0.8287884852310938,0.9541425770761224,0.618309559689238,0.6881420723684631,0.5419788238218944,0.8316000636513388,0.5675767608225264,0.8551058405742387,985.069266798775,564.3078724554134,0,9
4,10,8701,13200,930,628,820,508,872.2762900815998,566.2887024479945,1.2858547614074956,0.7592638832483465,105.25425064452575,1,0.6591666666666667,0.7776928079384338,131.46494371582364,127.28707711311466,40.80441152620633,15.82956926397171,14.317821063276353,85.14452515537583,85.55513455846302,-0.6520906103113002,374.9604614807105,0.9750112057373376,0.39562730050678707,0.2482302565899568,0.7757813903668489,0.9985468296138054,1.0,0.9998235783650258,0.9995519524231845,1.0,0.9997061689593922,2.318025392708764,1.4648185066058246,0.3923931985807599,0.6523761010967998,0.5112317123795765,1.3450199576778397,1.0,1.0,1.0,1.0,1.0,1.0,0.9537176721841815,0.8653679410848254,0.9367277490750723,0.521215636443819,0.7282371077785292,0.468955825384494,0.7388171220553624,0.6166921772434262,0.7980865408595667,872.2762900815998,566.2887024479945,0,10
4,11,7433,9991,954,696,851,599,903.5618189156464,646.7825911475851,1.1917030885473894,0.6649944551120969,97.28303827500693,1,0.7439695726153538,0.8391351919872396,112.6812916853399,114.28473213863697,41.400483088968905,15.535009613703531,13.92838827718412,83.24971273179656,84.15583049255528,-0.9051818667865688,333.63455967290594,0.9803481930888948,0.2830915646117391,0.2322022123130009,0.8216029638156196,0.9821066627529519,1.0,0.9997266243341625,0.9989312340191451,1.0,0.9953920371144531,1.7935148771118525,1.672855263205517,0.4753864867582307,0.9523844123299502,0.44976291384864536,0.9660413242955781,1.0,1.0,1.0,1.0,1.0,1.0,0.9233703137846827,0.8674031690202405,0.9591885627579653,0.697944453630486,0.6562173817914707,0.6258277973145139,0.835004793088317,0.5300690932315594,0.8306388367175612,903.5618189156464,646.7825911475851,0,11
4,12,48629,67704,484,865,211,617,342.4793847292768,737.1497871640379,1.2025252734553198,0.7144352770989759,248.82999381289673,1,0.7182588916459884,0.8315833538588454,298.9279321804126,293.97278785629123,101.59232254457027,38.40711526829076,34.66987164671943,206.14129934129562,209.16033230787554,-0.9571860534285591,857.2346314604056,0.9865495415077498,0.2889985974789605,0.17463731530554868,0.7811984636323176,0.9965263729391856,1.0,0.9999259594257706,0.999430449554267,1.0,0.9993150719859267,1.712757284651086,1.3148205964330455,0.5311837096393175,0.7845239297830713,0.6130121853819656,1.1793966223365,1.0,1.0,1.0,1.0,1.0,1.0,0.9538284794305151,0.8977756107205411,0.9619068941058234,0.6561663608114574,0.7220182978890076,0.6027560047194721,0.8239164661635889,0.6475706400578302,0.8551060681146457,342.4793847292768,737.1497871640379,0,12
4,13,9715,12328,179,838,87,704,130.915697375193,768.8440555841482,1.1934506260878601,0.7345992924862976,111.21835359823534,1,0.7880434782608695,0.8379064689739258,135.41034582222179,133.30416347586447,45.09988913511872,17.318094140762724,15.620499351813308,90.80187023409292,91.87608224028145,0.005827607749851711,381.7056274847714,0.9821067529316619,0.39424651130159966,0.3064035283195085,0.8268856738575749,0.9764476524597344,1.0,0.9997178554126978,0.9988545028961524,1.0,0.9936456493023472,1.5651572367553301,1.2839370412596411,0.5597267300173068,0.8394436519157937,0.5976132940949794,1.0925718255947268,1.0,1.0,1.0,1.0,1.0,1.0,0.9359809517783919,0.8759553896390704,0.957680783589993,0.7293309642382074,0.7324018920471859,0.6666491126017176,0.8428681017943924,0.6397693780663599,0.8591517958593009,130.915697375193,768.8440555841482,0,13
4,14,9040,11844,753,850,659,724,709.0787610619469,785.0817477876107,1.178856922090559,0.686536417754212,107.28506645570887,1,0.7632556568726782,0.8482793638999226,126.38299650879839,125.78155667664477,46.09772228646444,16.941223875749323,15.231546211727817,92.5936919062088,91.89249769383123,0.17446603374616812,365.9482681718907,0.9841062486392336,0.42839748959257534,0.2911286204033325,0.7757154629799934,0.9935034461276441,1.0,0.9987847521361448,0.9984825743799348,1.0,0.9985589696032825,2.208036989038841,1.414876395063094,0.40581359511982207,0.6574300508060702,0.5323214323372084,1.3458131105529685,1.0,1.0,1.0,1.0,1.0,1.0,0.9465999306356404,0.867853114991294,0.9406263772860685,0.5383201131794338,0.7310967390040822,0.4800938981302303,0.7434657112350266,0.6287582316519338,0.7988879456278299,709.0787610619469,785.0817477876107,0,14
4,15,22769,31376,687,920,475,772,583.9752733980412,840.3395406034521,1.2968920607285264,0.7617999239030002,170.26564889629066,1,0.7256820499745028,0.7710741936674762,212.47571936181555,214.78593994952277,70.34912934784623,25.7158260871067,23.08679276123039,146.67839716577882,137.64440083866873,1.4369321425709702,609.1564209736038,0.9785962951820174,0.33751079612438756,0.21678408364372634,0.7883591696699788,0.99185913722345,1.0,0.9994762539183047,0.9990371456596067,1.0,0.9983070146398311,2.395710634555581,1.7611969575386428,0.3756827010046385,0.7531764849208501,0.4455301415029071,1.215007838143296,1.0,1.0,1.0,1.0,1.0,1.0,0.948697550336975,0.88581393627933,0.9566166069455668,0.5191784787501519,0.6713620382950287,0.4634628992336416,0.8078423776864607,0.5572210408059904,0.8450198739015612,583.9752733980412,840.3395406034521,0,15
4,16,10856,14986,127,951,0,833,63.80849299926308,890.8047162859249,1.183950079257382,0.709706097149758,117.56822911673427,1,0.7244094488188977,0.844630206560092,140.32984706317382,142.35870187663275,48.79549159502341,18.49753453638447,16.55294535724685,97.58073580374356,98.86207903406054,-0.9331374877866652,401.88939366884495,0.9836897426603842,0.5352174387062774,0.48415677291437365,0.8583613876775735,0.9702709772856587,1.0,0.9989874103070722,0.9968324703419632,1.0,0.9927878904931382,1.6914499383719694,1.46255502213204,0.5273222027112273,0.8738675313753868,0.5546222760929201,1.062952333679636,1.0,1.0,1.0,1.0,1.0,1.0,0.944425278822034,0.9006473201459066,0.9637839653170881,0.6982741486891183,0.7017980516722091,0.6428845971807424,0.8545085140960157,0.616689819330011,0.863685983453492,63.80849299926308,890.8047162859249,0,16
4,17,15866,19740,714,1024,573,884,644.5661162233707,960.972834993067,1.278269951064012,0.6373636128164032,142.13099104969365,1,0.8037487335359675,0.7823073672095754,164.0295104296648,180.3247071257846,60.166435825965294,21.619071332182223,19.235384061671343,132.2603493115,126.39510230787857,-0.8794136909004843,504.83556979968256,0.9793222640577742,0.23546940455961127,0.15486426748387896,0.7848730034976861,0.992690151738564,1.0,0.9996605082466019,0.9994297046218901,1.0,0.9988302583345001,2.3668893262578146,1.8886372560692706,0.37789160381746195,0.8124140540270366,0.42716053986031793,1.1508817687455095,1.0,1.0,1.0,1.0,1.0,1.0,0.9457418271166806,0.8981933588614754,0.9669501142522017,0.5069031497281828,0.6197962337015119,0.4487856933768565,0.8380612731780752,0.5138694495688406,0.8662654987880177,644.5661162233707,960.972834993067,0,17
4,18,7300,9438,214,1024,71,958,135.89794520547946,995.4554794520548,1.455312188474863,0.8787793078111358,96.40875829802336,1,0.7734689552871371,0.6871377893481255,143.53009214946846,145.5609837834301,33.0,13.020466553883098,12.0,65.0,68.49663358113781,1.4636448372224458,365.37972567696687,0.9863531955141197,0.3757387840517295,0.3308158565614385,0.8515386819264192,0.9899342830467894,1.0,0.9992359830817571,0.9995327740889545,1.0,0.9984159011199866,2.9419836729565,2.438314785826564,0.30681500179874804,0.8435971661402661,0.3331536200107845,1.1052322377132549,1.0,1.0,1.0,1.0,1.0,1.0,0.9500761684781046,0.9012953997574493,0.9655934877896425,0.43639453051677785,0.5345533730075248,0.38115165278446067,0.8474312775700927,0.4131246181182767,0.876963471832503,135.89794520547946,995.4554794520548,0,18
5,1,9548,12064,553,368,437,264,494.5695433598659,316.7245496439045,1.1618206062045071,0.5858011959000845,110.25829299028412,1,0.791445623342175,0.8607180787289092,122.56882712784022,123.84264209067892,49.33558553417604,17.87402782619854,15.811388300841896,99.7020561473032,99.3364924642612,1.0118156182145202,373.36248173426384,0.9859562164394878,0.3314049991828378,0.2001598051620629,0.7489145690771222,0.9992407813033919,1.0,1.0,0.999062391363239,1.0,0.9996984773070583,0.8078789323055273,0.5160447302123959,1.1491469414545787,0.6628425907066325,1.450419249064611,1.3097467540108791,1.0,1.0,1.0,1.0,1.0,1.0,0.9635204222664342,0.8651480856352936,0.9317488565048919,0.8345774226016194,0.6811067960171859,0.8370434340645687,0.7564230017066532,0.7510247574241903,0.8046622113454204,494.5695433598659,316.7245496439045,0,1
5,2,9819,12319,428,413,331,286,381.37895916081067,348.089825847846,1.1720763862193981,0.6850956981588153,111.81207041171612,1,0.7970614497930026,0.8531867135601625,131.3727275142357,131.70041761513136,47.70744176750625,17.63219805013731,16.0,96.0,95.69886749906716,0.2529011492692266,380.2914139223983,0.981998199819982,-0.03080947370920533,-0.0812128994615725,0.7675478179391924,0.9945891951022616,0.9998840087822392,1.0,0.9993336683723886,1.0,0.9990223150109604,0.8465583952915505,0.6985879206225329,1.0270356091469441,0.8537629754401522,1.0550404460057252,1.062812793613275,1.0,1.0,1.0,1.0,1.0,1.0,0.9324406775697407,0.858509470738564,0.9525703191949296,0.7797049983520671,0.7075932585770094,0.761371572299843,0.8353859487534866,0.7065189881701519,0.8527245630504353,381.37895916081067,348.089825847846,0,2
5,3,8247,10192,324,482,220,384,270.25221292591243,430.63404874499815,1.1816029694471055,0.4036057517779515,102.47149128138463,1,0.8091640502354788,0.8463079611825274,107.79968801037575,113.37107214805724,45.5411901469428,16.336397046162872,14.560219778561036,93.80286434054435,98.62949210608508,-1.5454915967076182,349.9360748630709,0.9770169411207202,0.4960301429433504,0.39268113306146335,0.7629538011525473,0.9998991107026141,1.0,1.0,0.999882175950059,1.0,0.9998246262609255,0.7078028069538039,0.541416203709669,1.3299566964159395,0.7874193771192827,1.4475580121870388,1.1204322635026984,1.0,1.0,1.0,1.0,1.0,1.0,0.9702304277078772,0.8852860349106505,0.9392816803449553,0.823663842196925,0.6859126551088195,0.8527097082153015,0.810307313391895,0.7719505551986554,0.836970927422222,270.25221292591243,430.63404874499815,0,3
5,4,8500,12768,511,504,397,392,455.5489411764706,449.0205882352941,1.2885325088036583,0.7515044494864518,104.03141895720198,1,0.6657268170426065,0.7760766555501598,129.4363075332232,126.0634760745554,41.88078318274385,15.595282825134637,14.142135623730951,87.91833417531804,85.3927590840403,-0.8741495321605516,370.9898987322333,0.963718820861678,0.36304885252403885,0.24414910549894248,0.6906931853056564,0.9989790943722985,1.0,1.0,0.9981655342625638,1.0,0.9993338281730934,0.60180866683234,0.3332669446643764,1.5211077636162147,0.5730776577845931,2.110384595799789,1.4357581835720628,1.0,1.0,1.0,1.0,1.0,1.0,0.9567736594044574,0.8386426094046024,0.9070837541189565,0.751055510110778,0.5602196984430577,0.7926110646526081,0.7623551581503799,0.6586036678313475,0.800123629088321,455.5489411764706,449.0205882352941,0,4
5,5,11432,15748,197,543,73,416,135.78428971308608,479.8402729181246,1.298413426536698,0.629544819728979,120.6468999826037,1,0.7259334518669037,0.7701707172478444,137.48936904486285,141.65097952361643,52.009614495783374,18.4143266175784,16.278820596099706,110.74176639158964,106.82431337004067,-0.7584313665468223,431.88939366884495,0.9636685492708421,0.27799207259136227,0.16596166968538464,0.6883311561287213,1.0,1.0,1.0,1.0,1.0,1.0,0.6211655914752077,0.45425100952368047,1.4941871137585858,0.7479161465826816,1.703338493331444,1.165897505509147,1.0,1.0,1.0,1.0,1.0,1.0,0.963398994338527,0.8796267561621539,0.9338059593035172,0.7499705778431771,0.6278939952928478,0.7859156504901584,0.8178198092974392,0.7190199555338092,0.8414006513484054,135.78428971308608,479.8402729181246,0,5
5,6,12133,16688,619,567,507,418,561.8659029094206,493.08472760240664,1.2807049664580659,0.7348171298843255,124.2908500102551,1,0.727049376797699,0.7808199594678022,151.4178059286725,150.88074761214565,48.83646178829912,19.067570661750196,17.08800749063506,101.18786185398656,102.70144004128149,0.32835579898379347,441.889393668845,0.9721176187805465,0.34331443272524975,0.22599133201579105,0.7628691811988952,0.9992692629763651,1.0,1.0,0.9995538108618152,1.0,0.99963897215406,0.7024599394946031,0.4700261515008557,1.320781083408504,0.6938327038299517,1.6092635315488484,1.2634284023011757,1.0,1.0,1.0,1.0,1.0,1.0,0.9632215736458325,0.8697102646770252,0.9362734346675551,0.8106571688046836,0.6538553014920211,0.8367828116072957,0.791507259186031,0.7441739098951042,0.8255436972483446,561.8659029094206,493.08472760240664,0,6
5,7,5656,8360,330,573,242,478,280.6117397454031,525.2445190947666,1.4774115793475562,0.3988263606751818,84.86131548015315,1,0.676555023923445,0.676859457431363,91.43054114910935,95.80187889597991,34.40930106817051,12.1742869501558,10.770329614269007,86.76724298631105,83.84422576953074,-0.2829237806376066,324.04877323527904,0.9339498018494056,0.1862726561344578,0.066152213379392,0.7089873697337782,1.0,1.0,1.0,1.0,1.0,0.9999751011325712,0.6905975211855755,0.5034055319988575,1.3497541770491768,0.7482754920277144,1.5659346150167375,1.1909334587534472,1.0,1.0,1.0,1.0,1.0,1.0,0.9654723656739419,0.8878626852998874,0.9440054659910628,0.7962915519322016,0.6603147840061889,0.8176512934728364,0.8142535511173453,0.7282074097439916,0.8423569793174158,280.6117397454031,525.2445190947666,0,7
5,8,12973,17388,537,624,411,486,472.3316888923148,555.011099976875,1.1806475484120875,0.5349498340283197,128.52134691890396,1,0.7460892569588222,0.846992823002047,140.10420899727546,140.2069898400219,57.201398584300364,20.76195835895976,18.35755975068582,116.34807981086614,118.37177977454405,0.5406608336661715,438.71782079359116,0.9799818703731682,0.15176224476697478,0.04046646315420955,0.6979560930516927,0.9998184484634015,1.0,1.0,0.9999099456617285,1.0,0.9999184462769207,0.7892347136213714,0.5327945634747537,1.1884971463944036,0.6938175090010508,1.479079464136762,1.2790426122856242,1.0,1.0,1.0,1.0,1.0,1.0,0.9685056556233443,0.8877192672456866,0.9420308695378345,0.8460765380147821,0.7075447520345595,0.8523473013868427,0.7859713708569159,0.7648838860772884,0.8218165641625986,472.3316888923148,555.011099976875,0,8
5,9,1914,2646,247,570,193,521,218.87774294670845,546.3056426332288,1.8424355089799858,0.627206225561488,49.36578256872974,1,0.7233560090702947,0.5427598388795832,57.09071031636154,61.29437168288782,17.804493814764857,6.247893745212037,5.656854249492381,47.14404496444653,44.465284013246205,1.0519017946330045,210.50966799187808,0.9024045261669024,-0.3747215897919563,-0.44308298830582676,0.6487959228027323,1.0,1.0,1.0,1.0,1.0,1.0,0.6237406514867688,0.36929064696668057,1.3233526124431463,0.6263165644621113,1.683922241828612,1.3460961843605221,1.0,1.0,1.0,1.0,1.0,1.0,0.9085311335512976,0.7885789333519323,0.9181951522548129,0.7180666666734118,0.5955834573806779,0.7396188854975441,0.7925200539678456,0.6701304047896761,0.8287526799099733,218.87774294670845,546.3056426332288,0,9
5,10,314,420,360,551,339,531,348.38216560509557,540.5891719745223,1.0938838114037168,0.26671165029601024,19.994929783493642,1,0.7476190476190476,0.9141738725585112,20.515464989445718,21.02379604162864,9.219544457292887,3.5412636664935886,3.0,19.0,19.772320421368562,1.003396249779572,65.698484809835,0.9515151515151515,0.07364630379535296,-0.0020418993448159057,0.16248134527448915,0.88390305542996,1.0,1.0,0.9792102425941889,1.0,0.8519017171518055,0.23327442045611338,0.08000596026685458,3.956287572012485,0.3274434094125968,10.619147123163337,2.5626117705084424,1.0,1.0,1.0,1.0,1.0,1.0,0.9606772041216218,0.9217348115394629,0.9160296584369609,0.40909766282435295,0.329771031411478,0.4399792373721355,0.8831453315221217,0.3595932555646908,0.9007778314047405,348.38216560509557,540.5891719745223,0,10
5,11,13243,17816,684,695,548,564,612.3311183266632,626.8683832968361,1.143728014350865,0.4075420648473669,129.85188212316277,1,0.7433206106870229,0.8743337467059952,136.2538609321093,137.23337786413333,59.93329625508679,21.188383940015655,18.681541692269406,123.89293836611976,124.42517754285015,-0.9541948515982183,436.2741699796952,0.9832937332937333,0.3232426170841891,0.18700536501511403,0.6439714955576317,0.9959299106088759,0.9842334995554447,1.0,0.9702860156956803,1.0,0.9986348842591394,0.6827449343568619,0.11266623246358165,1.3516427959059363,0.1673942762059076,6.834093480986676,5.128900804016082,1.0,1.0,1.0,1.0,1.0,1.0,0.9606389914867727,0.8774802361345199,0.9265789970748147,0.7985453945381129,0.34373347327108356,0.8366903056785471,0.4585939655299109,0.37483570854124143,0.4694533292221051,612.3311183266632,626.8683832968361,0,11
5,12,2913,4270,276,632,206,571,239.13834534843804,600.0854788877446,1.26355233967573,0.5231824075534292,60.90112309156153,1,0.6822014051522248,0.7914195309524207,66.37256191117064,69.35416353759881,27.294688127912362,9.704907754555418,8.54400374531753,57.800779931521795,56.56407299976669,-1.1631315999571,215.06601717798213,0.9482421875,0.07355749585414544,-0.035826266147917056,0.6762814268279432,0.9996345154305849,1.0,1.0,1.0,1.0,0.9999338163779062,0.7020168943823448,0.5195067060065155,1.2914191412137135,0.7555293556715745,1.5016139818326053,1.1871315119825703,1.0,1.0,1.0,1.0,1.0,1.0,0.952154428052911,0.8832318684214153,0.9470547536154461,0.7858252010911426,0.680464556354165,0.8002375062056353,0.8248948577310672,0.7396464446569461,0.8493521828512672,239.13834534843804,600.0854788877446,0,12
5,13,6603,11050,383,684,253,599,321.54293502953203,641.2607905497501,1.5151887610195576,0.8884560151698848,91.69078859888968,1,0.5975565610859729,0.6599837760987012,137.06817460988196,132.21951444472938,31.400636936215164,12.165923096514026,11.180339887498949,64.80551900970818,62.90905244577448,1.1917880194057462,354.5756851698602,0.9356667139010911,0.43715993200280756,0.31148830853605064,0.7032712447886096,0.9998923993399046,1.0,1.0,1.0,1.0,0.9999088954718028,0.7232528764124443,0.5016637325899678,1.309775913325104,0.7044322766323886,1.6396899736947623,1.2713977916859038,1.0,1.0,1.0,1.0,1.0,1.0,0.9732929655392141,0.9069580985327055,0.9463686601439699,0.8301496660768297,0.6773232699229372,0.8516076462823088,0.79269738155646,0.7475108372780498,0.8262426720687562,321.54293502953203,641.2607905497501,0,13
5,14,15429,21098,567,760,413,623,490.68546244085815,693.8640871086915,1.1816931493573943,0.6568499867252913,140.15995482204903,1,0.7313015451701583,0.8462433759083741,162.69578464160637,165.19685227025363,59.64059020499378,21.854006762419775,19.697715603592208,123.59315170354076,122.6760842441656,1.0060210911802068,478.65894629054543,0.983866853717638,0.2674275598435507,0.11894945413481724,0.5780299152560421,0.9976103221438866,0.982506209760502,1.0,0.9605647247609526,1.0,0.9986683228636337,0.6747529407882394,0.09939688603455128,1.3793873988615675,0.14903821361835312,7.686565404454377,5.637878552569529,1.0,1.0,1.0,1.0,1.0,1.0,0.9647516280722633,0.874082756667626,0.9166566140448608,0.7971714010089751,0.3381586338289002,0.8298973746629289,0.46458105496161645,0.37037680249631894,0.4777193343119673,490.68546244085815,693.8640871086915,0,14
5,15,4674,6004,848,958,772,879,808.8791185280273,918.908215661104,1.1146107226876014,0.283281081307617,77.14351322108782,1,0.7784810126582279,0.8971742148583977,78.81004407640818,79.25906888173743,37.013511046643494,12.867673578326807,11.313708498984761,75.0,75.58174255448306,0.09562977900905807,255.86500705120548,0.9806966009232061,-0.007237587943421481,-0.015216606916333307,0.0652486322799205,0.2697879949488882,1.0,1.0,0.931997234938068,1.0,0.23308988286880233,0.17302385660327782,0.8146520645898875,5.009145790430075,4.279725503475438,0.9503429116947527,0.1724512743939392,1.0,1.0,1.0,1.0,1.0,1.0,0.9309681643043902,0.8798856829614262,0.8590949406966512,0.47477472576887486,0.6994163405406645,0.518875375636751,0.4654521891120454,0.6745690810701037,0.3054898364560055,808.8791185280273,918.908215661104,0,15
6,1,10897,13520,231,104,101,0,166.21455446453152,45.95778654675599,1.2111694532070632,0.5691909329220292,117.79003064342528,1,0.805991124260355,0.8256482999567846,131.46488949177208,135.05924625881784,51.0,18.5242393449467,16.55294535724685,103.0,108.09113901978156,1.3789216290393238,407.2497833620557,0.988390022675737,0.3806853544742333,0.26756419221164857,0.7891769513814719,0.9970300596521496,1.0,1.0,0.9998527620933969,1.0,0.9996199442823087,1.6820361114426805,1.1470320031267862,0.5375254066047384,0.7033779091270886,0.6591300275926283,1.2647963543881473,1.0,1.0,1.0,1.0,1.0,1.0,0.95086126471062,0.8695074674035792,0.9432018952594927,0.6655659244113169,0.7534023527877566,0.6117485162571217,0.7800310888956545,0.6830956660492776,0.8240332130592628,166.21455446453152,45.95778654675599,0,1
6,2,11572,15207,316,164,205,27,261.757777393709,97.54191151054269,1.1625363322409732,0.6360589724863462,121.3833926518587,1,0.7609653449069508,0.8601881698375322,138.45764846134801,139.26952286842948,53.36665625650534,19.52326958768702,17.46424919657298,108.52764794036094,106.8395221147212,-0.19248549859033975,411.1614716074871,0.9877091157391601,0.4369906174889785,0.2841468887762055,0.7954093632396055,0.9930824826721382,0.9999480861747202,0.9999632289251214,0.999222521638766,1.0,0.9982626293016668,1.5166984523873555,0.9572308158618744,0.5917634072257802,0.6577606610655895,0.7539401354572994,1.3278200594368996,1.0,1.0,1.0,1.0,1.0,1.0,0.9473788280929701,0.8495261802762778,0.9345521922671657,0.715533098645858,0.7670616484430628,0.663107246309424,0.7607891001654953,0.7168862021615335,0.8080546312994848,261.757777393709,97.54191151054269,0,2
6,3,8898,11615,121,143,20,28,67.69217801753203,84.16835243875028,1.1485312217512347,0.5094856778145308,106.43911625456818,1,0.7660783469651313,0.8706772450427945,114.92416850764762,116.0775602776006,48.46648326421054,17.41771003068806,15.524174696260024,99.38024977029262,98.88984926375183,-0.05512102143363644,358.3624817342638,0.9847277556440903,0.4106686626368001,0.28089122662951643,0.8371897410592156,0.9942397154370888,1.0,0.999972677777752,0.9996093977380222,1.0,0.9987482408367124,1.7471946705813177,1.1760272198183697,0.5089547677297401,0.7055134421694726,0.611804271358582,1.2599767547715675,1.0,1.0,1.0,1.0,1.0,1.0,0.9429968492759423,0.8482325602798072,0.942831128735369,0.650419677390498,0.7350784498636104,0.5836145888764317,0.7842439341015791,0.6474083992342992,0.829635343504132,67.69217801753203,84.16835243875028,0,3
6,4,10676,13552,422,349,301,237,364.08589359310605,289.3087298613713,1.1396671719154794,0.5868785465597245,116.58947370836098,1,0.7877804014167651,0.8774491576512328,130.10526407938698,131.50285168010618,52.20153254455275,18.830235252165267,16.97056274847714,105.54240853799007,105.34297695880012,1.0030388041863239,391.01933598375615,0.9903525046382189,0.44976435819556315,0.29925517714466093,0.82558078589475,0.9957397190201375,1.0,0.9999190814468183,0.9995545734875406,1.0,0.9991408286280141,1.8700030580144393,1.3472578114413862,0.4823209737343753,0.7478653655614949,0.5590248015046017,1.2031227968235632,1.0,1.0,1.0,1.0,1.0,1.0,0.9497061102403122,0.8678424572562378,0.9485641097268134,0.6043711431067619,0.7063429668519218,0.5424835187981535,0.7988049186864302,0.5994786277465242,0.8457083522020332,364.08589359310605,289.3087298613713,0,4
6,5,19420,25935,982,460,787,327,884.6447991761071,389.37512873326466,1.3268816374605066,0.7687229673004545,157.24602366596383,1,0.7487950645845383,0.7536467245969889,201.02544191774402,194.87944991712183,57.48912940721924,22.565032455810535,20.615528128088304,128.49463323912363,128.57223294870974,1.472832815164632,569.0437226013958,0.9455643197974486,0.41536958136384156,0.3316008237377834,0.7744914028526595,0.9900628088485839,0.9997062945399057,1.0,0.9983764534198302,1.0,0.9972396764871203,1.335306265191356,0.9432553991885099,0.6713768362781475,0.7229976435400921,0.797353389786649,1.2155503714750278,1.0,1.0,1.0,1.0,1.0,1.0,0.9468335100674043,0.8672415407356344,0.9374646948982818,0.7978746897808231,0.7986704554690403,0.7589273315040048,0.8174321490591866,0.7626542099470602,0.8421415648726504,884.6447991761071,389.37512873326466,0,5
6,6,19804,26136,986,647,854,449,920.9966168450818,545.1355786709755,1.27008595286684,0.7579916696689094,158.7930601252308,1,0.7577288031833487,0.7873482875255792,197.70183170645535,197.42846805868703,61.66036003787198,24.004413712133946,21.840329667841555,123.68886342148114,128.95383347847016,0.09924092466463777,562.2091988222396,0.9827312425565701,0.15731705301222076,0.1461443020410593,0.7209524578373229,0.97699849594093,1.0,1.0,0.9991075966327323,1.0,0.9940535639327873,1.3395139660212851,1.7392146556420416,0.6170983273298523,1.295695352232802,0.4308928825602545,0.6968060484853453,1.0,1.0,1.0,1.0,1.0,1.0,0.909181955312968,0.8656877129546426,0.950183328852999,0.8251194076311126,0.6566718216073608,0.7757236732117152,0.7520815060825702,0.5204152870246569,0.6981679212549932,920.9966168450818,545.1355786709755,0,6
6,7,15140,22984,673,753,504,617,587.3445838837516,684.3450462351387,1.3364647338085869,0.8281475672482954,138.8410843637083,1,0.6587191089453532,0.7482427143066115,186.31093236209796,179.91386828146406,50.15974481593781,20.127691724912424,18.384776310850235,103.16899869529472,104.42916508957074,-1.0821656581896189,504.2508293825822,0.9693942886413113,0.39473953276089385,0.3031200764351609,0.8407203653982708,0.9934102472916673,0.9999448700430381,1.0,0.9995392336012948,1.0,0.998808436016935,1.6074691344515766,1.2118763612300447,0.5596138730851115,0.7765572871372027,0.6415726499080863,1.1809056414280394,1.0,1.0,1.0,1.0,1.0,1.0,0.9484524385519911,0.8817634197648079,0.9576225150195543,0.6702320364765181,0.7244096400616944,0.6151962291737278,0.8218719838292231,0.653867884238172,0.8555600575475656,587.3445838837516,684.3450462351387,0,7
6,8,11417,16510,963,834,833,707,895.6368573180345,768.9068056407112,1.201016671780572,0.7503700203050699,120.56772321911596,1,0.6915202907328891,0.832627908917739,148.52397568762788,149.164338901763,48.60041152089147,18.67966684272619,16.97056274847714,96.84606384959629,98.17702543958194,-0.7939103191741886,415.10259710444143,0.983630567760834,0.4254628663105726,0.3291002637090821,0.800780177549815,0.9942791833550766,1.0,1.0,0.9995807194633025,1.0,0.9989089133371614,1.9074502041905113,1.3060441068581106,0.4710114187405562,0.7021051966561542,0.5829479814362406,1.2691002207445874,1.0,1.0,1.0,1.0,1.0,1.0,0.9478559103855059,0.8725570329552294,0.943950136427898,0.5963010845322292,0.7316672770062616,0.5367267906110027,0.7703209620838464,0.6386144301614254,0.8184366267197026,895.6368573180345,768.9068056407112,0,8
6,9,12011,17262,692,872,566,735,625.7355757222546,805.4779785196903,1.271222915086155,0.7507328013059313,123.6643852198928,1,0.6958058162437725,0.7866440953294386,152.98947051944006,155.05160431288675,50.774009099144415,18.767660518196664,17.0,104.04052997080842,101.06575912899257,0.6897362328321752,438.0315292925759,0.9727081308713962,0.5526756251979126,0.43949733036546573,0.8151531519776328,0.997623000586293,0.9999115689728476,1.0,0.9994616259284752,1.0,0.9995847675057847,1.5069689389437857,0.9360735379907337,0.6149282024751839,0.6403298668967505,0.8111185511283555,1.359746702931991,1.0,1.0,1.0,1.0,1.0,1.0,0.9626410030798799,0.871359060252797,0.933105795342488,0.7029908531159378,0.7662611576388728,0.6626211664724059,0.7373161766246344,0.7399282515681603,0.7941430891953131,625.7355757222546,805.4779785196903,0,9
6,10,8434,11110,571,853,470,743,521.388902063078,799.0973440834716,1.2329768978977547,0.592754803755689,103.62674519783182,1,0.7591359135913591,0.8110452042572865,116.12926948828628,119.85407794480753,45.39823785126467,16.421290679918982,14.7648230602334,94.46142069649386,93.5285369923851,-0.6514860092801279,361.49242404917493,0.9731164185992847,0.5493316499490235,0.43800870993561086,0.8605027924082139,0.9869782308673856,0.9997773395287446,0.9999576554286205,0.9992338167132995,1.0,0.9973809329464222,1.2519539363965895,0.9645229575421457,0.722962333223414,0.7982444634750144,0.7909174918255977,1.1335148272922633,1.0,1.0,1.0,1.0,1.0,1.0,0.9513756035055324,0.873417470850819,0.9512212861121676,0.7711579121437578,0.7332027159612253,0.7419986500806994,0.8272776866316777,0.7135114341474018,0.85818395484901,521.388902063078,799.0973440834716,0,10
6,11,11031,14280,836,883,716,764,775.3858217749977,822.3055933278941,1.144637375425247,0.43581358474426213,118.51204756468256,1,0.7724789915966387,0.8736391292731355,125.11048293781913,130.3572015655445,55.46169849544819,19.477571055658952,17.08800749063506,111.46153846153847,112.6040580315057,-0.7875080458626915,398.3330444827409,0.9861433935276238,0.47674011580980113,0.3706184052447829,0.8294525049727697,0.9906950505314994,0.9999582737695621,0.9999496281114717,0.9991409387383754,1.0,0.9982678736577378,1.6629149656978677,1.2830111554401324,0.5422387106219303,0.790655384003406,0.6102553243353137,1.1533148936110564,1.0,1.0,1.0,1.0,1.0,1.0,0.9495772042724715,0.8848527497775794,0.954921269050437,0.6653542147201914,0.7183054240268612,0.6086571151123338,0.8232985333691558,0.635562473478059,0.8561104535688738,775.3858217749977,822.3055933278941,0,11
6,12,11665,16113,800,1016,677,885,739.978654093442,948.9345906558079,1.149654345487325,0.5264038932103455,121.87017391197763,1,0.7239496059082728,0.86982666044385,132.4465306832392,132.90974381135493,55.21775076911409,19.881173979707267,17.69180601295413,112.31174549794683,112.61062819116961,0.6158169427256323,410.5168106668145,0.9868031469418831,0.3162753311062436,0.2472935099361004,0.8130574313428492,0.9922613056195084,0.9996323279245769,0.999872894030704,0.9992085356607739,0.9999943675932731,0.9989905749295244,2.2256264953235583,1.7041692229636096,0.3971135024132146,0.7833668641439465,0.45442989722619,1.170730693383701,1.0,1.0,1.0,1.0,1.0,1.0,0.9401203819839171,0.8800144571808971,0.957659455147318,0.5335017284741201,0.64762961028756,0.4655552235505602,0.8176955011964939,0.5345052581141608,0.8529557041567899,739.978654093442,948.9345906558079,0,12
6,13,3561,4472,480,1024,394,972,439.82083684358327,1001.2704296545915,1.3291639447387837,0.7851017211130107,67.3350281710932,1,0.7962880143112702,0.7523526378805939,87.85437702675164,88.32326986700618,26.0,9.906691790020203,9.0,51.0,54.41408823482035,-1.4509053676050736,243.88225099390854,0.981262055662717,0.06528470459698943,0.0464331110630719,0.2506158074676306,0.9826483740728473,1.0,1.0,0.9974699230478759,1.0,0.9910234853893483,0.6354051843311445,0.2583845673978887,1.3687173213761576,0.39171217603505815,3.032394895327883,2.13414168155886,1.0,1.0,1.0,1.0,1.0,1.0,0.9325717569636386,0.8851689348417403,0.9143135578402735,0.7820621645881926,0.6806130114445039,0.8262761787466653,0.8564458288985675,0.738363711295016,0.8827542601846181,439.82083684358327,1001.2704296545915,0,13
